{
    "MMLU": 0.7373684210526316,
    "MMLU:STEM": 0.6511111111111112,
    "MMLU:social sciences": 0.8116666666666666,
    "MMLU:humanities": 0.7553846153846153,
    "MMLU:other": 0.767857142857143,
    "MMLU Pro": 0.4942857142857143,
    "Minerva Math": 0.5214285714285715,
    "Average w/o subcat": 0.5843609022556392,
    "Average with subcat": 0.666955636955637
}