{
    "AGI Eval": 0.5687500000000001,
    "Average w/o subcat": 0.5687500000000001,
    "Average with subcat": 0.5687500000000001
}