{
    "AGI Eval": 0.5562499999999999,
    "GPQA": 0.33035714285714285,
    "GPQA:Biology": 0.41025641025641024,
    "GPQA:Physics": 0.2994652406417112,
    "GPQA:Chemistry": 0.32786885245901637,
    "Average w/o subcat": 0.44330357142857135,
    "Average with subcat": 0.3984601258392844
}