{
    "AGI Eval": 0.5675,
    "GPQA": 0.32589285714285715,
    "GPQA:Biology": 0.44871794871794873,
    "GPQA:Physics": 0.3048128342245989,
    "GPQA:Chemistry": 0.29508196721311475,
    "Average w/o subcat": 0.44669642857142855,
    "Average with subcat": 0.40402818753891556
}