{
    "AGI Eval": 0.5499999999999999,
    "Average w/o subcat": 0.5499999999999999,
    "Average with subcat": 0.5499999999999999
}