{
    "AGI Eval": 0.5562499999999999,
    "Average w/o subcat": 0.5562499999999999,
    "Average with subcat": 0.5562499999999999
}