{
    "AGI Eval": 0.56375,
    "GPQA": 0.3169642857142857,
    "GPQA:Biology": 0.4358974358974359,
    "GPQA:Physics": 0.3048128342245989,
    "GPQA:Chemistry": 0.2786885245901639,
    "Minerva Math": 0.52,
    "Average w/o subcat": 0.46690476190476193,
    "Average with subcat": 0.42062975894243976
}