,index,MMLU Pro,AGI Eval,GPQA,GPQA:Biology,GPQA:Physics,GPQA:Chemistry,Average w/o subcat,Average with subcat
0,llama3_8B_online_K1000_k10_diverse_0.5,0.47214285714285714,0.57125,0.3482142857142857,0.48717948717948717,0.3315508021390374,0.30601092896174864,0.4638690476190477,0.43362681508462614
