,index,MMLU:STEM,MMLU:social sciences,MMLU:humanities,MMLU:other,AGI Eval,GPQA,GPQA:Biology,GPQA:Physics,GPQA:Chemistry,Minerva Math,Average w/o subcat,Average with subcat
0,llama3_8B_ANN_only,0.635,0.764,0.7316666666666668,0.7638461538461538,0.55875,0.33035714285714285,0.4230769230769231,0.3048128342245989,0.31693989071038253,0.49857142857142855,0.46255952380952375,0.5551848774551281
1,llama3_8B_exact_search,,,,,0.56375,0.3169642857142857,0.4358974358974359,0.3048128342245989,0.2786885245901639,0.52,0.46690476190476193,0.42062975894243976
